Key,AR,Chinese Trad.,CZ,English(en),FR,DE,IN,HU,IT,JP,KR,MS,PL,PT,RO,RU,ES,TH,TR,VN
language_name,العربية,繁體中文,ČEŠTINA,ENGLISH,FRANÇAIS,DEUTSCH,BAHASA INDONESIA,MAGYAR,ITALIANO,日本語,한국어,MELAYU,POLSKI,PORTUGUÊS,ROMÂNĂ,РУССКИЙ,ESPAÑOL,ไทย,TÜRKÇE,TIẾNG VIỆT
settings,الاعدادات,設定,Nastavení,Settings,Paramètres,Einstellungen,Pengaturan,Beállítások,Impostazioni,設定,설정,Tetapan,Ustawienia,Configurações,Setări,Настройки,Ajustes,ตั้งค่า,Ayarlar,Cài đặt
privacy_policy,سياسة الخصوصية,隱私權政策,Zásady ochrany osobních údajů,Privacy Policy,Politique de confidentialité,Datenschutzerklärung,Kebijakan Privasi,Adatvédelmi irányelvek,Informativa sulla privacy,プライバシーポリシー,개인정보보호정책,Dasar Privasi,Polityka prywatności,Política de Privacidade,Politici de confidențialitate,Конфиденциальность,Política de privacidad,นโยบายเรื่องความเป็นส่วนตัว,Gizlilik Politikası,Chính sách bảo mật
terms_of_use,تعليمات الاستخدام,使用條款,Podmínky používání,Terms of Use,Conditions d’utilisation,Nutzungsbedingungen,Syarat Penggunaan,Felhasználási feltételek,Condizioni d'uso,利用規約,이용약관,Terma Penggunaan,Warunki użytkowania,Condições de Uso,Termeni și condiții,Условия использования,Términos de uso,ข้อตกลง,Kullanım Şartları,Điều khoản sử dụng
follow_us,تابعنا,關注我們,Sleduj nás,Follow Us,Suivre,Folge uns,Ikuti Akun Kami,Kövess be minket!,Seguici,フォローする,팔로우 하기,Ikuti Kami,Obserwuj nas,Siga-nos,Urmărește-ne,Подписывайтесь на нас,Síguenos,ติดตามเรา,Bizi Takip Edin,Theo dõi chúng tôi
like_us,قم بالإعجاب بنا,點讚,Lajkni nás,Like Us,Aimer,Gib uns ein Like,Sukai Laman Kami,Kedveld az oldalunkat!,Metti Mi piace,いいねする,좋아요 누르기,Sukai Kami,Polub nas,Nos dê um like!,Dă-ne un Like,Ставьте «Нравится»,Danos un like,กดไลค์เรา,Bizi Beğenin,Thích chúng tôi
powerups_info,معلومات عن المساعدات,道具介紹,Informace o bonusech,Powerups Info,Info sur les bonus,Infos zu Power Ups,Info Bantuan,Segítségek,Info potenziamenti,パワーアップ情報,파워업 정보,Info Naik Kuasa,Wzmocnienia,Informações dos Poderes,Informații super-abilități,Об усилителях,Información de los potenciadores,ข้อมูลพาวเวอร์อัป,Güçlendirici Bilgileri,Thông tin vật phẩm hỗ trợ
rate_us,قيمنا,評分,Ohodnoť nás,Rate Us,Noter,BEWERTEN,Beri Penilaian,Értékeld a játékot!,Valutaci,評価する,평가하기,Beri Kami Rating,Oceń grę,AVALIAR,Dă-ne un calificativ,Оцените нас,Califícanos,ให้คะแนนเรา,Oy Verin,Đánh giá chúng tôi
help_info,مساعدة/معلومات,提示/介紹,Nápověda/Informace,Help/Info,Aide/Infos,Hilfe/Info,Info Permainan,Tudnivalók,Aiuto/Info,ヘルプ/情報,도움말/정보,Bantu/Info,Pomoc/Info,Ajuda/Info,Ajutor,Помощь/справка,Ayuda/Info,ช่วยเหลือ/ข้อมูล,Yardım/Bilgi,Trợ giúp/Thông tin
version,الإصدار,版本,Verze,Version,Version,Version,Versi,Verzió:,Versione,バージョン,버전,Versi,Wersja,Versão,Versiune,Версия,Versión,เวอร์ชัน,Versiyon,Phiên bản
rate_us_description,إذا كنت تحب لعبتنا، يرجى إعطائها 5 نجوم!,"若喜歡我們的遊戲，
請給我們5星評分!","Pokud se ti naše hra líbí, dej nám 5 hvězdiček.","If you like our game, please give 5 stars! ","Si le jeu vous plaît, donnez-lui 5 étoiles ! ","Wenn dir unser Spiel gefällt, dann gib uns bitte 5 Sterne!","Jika menyukai gim ini, silakan beri nilai lima bintang!","Ha tetszik az alkalmazás, értékeld 5 csillagra!","Se ti piace il nostro gioco, ti andrebbe di lasciarci 5 stelle?",ゲームを気に入っていただけましたら、５つ星をお願いいたします。,"게임이 마음에 드셨다면
별 5개를 보내주세요!","Kalau anda suka permainan ini, sila berikan rating 5 bintang!","Jeśli podoba Ci się nasza gra, oceń ją na 5 gwiazdek!","Se gosta do nosso jogo, por favor, dê 5 estrelas!","Dacă îți place jocul nostru, acordă-ne 5 stele!","Если вам понравилась наша игра, поставьте 5 звезд!","Si te gusta nuestro juego, ¡por favor califícanos con 5 estrellas!",หากคุณชอบเกมของเรา โปรดให้คะแนน 5 ดาว!,Oyunumuzu beğendiyseniz lütfen 5 Yıldız verin!,"Nếu bạn yêu thích trò chơi của chúng tôi, hãy đánh giá 5 sao nhé!"
send,إرسال,送出,Odeslat,Send,Envoyer,Senden,Kirim,Kész,Invia,送信,보내기,Hantar,Wyślij,Enviar,Trimite,Отправить,Enviar,ส่ง,Gönder,Gửi
help_info_text_1,عند دمج أكثر من 2 كتلة بنفس الرقم، فإنه يصبح,當您結合超過2個相同數字的方塊時，它會變成：,"Když spojíte více než 2 bloky se stejným číslem, vznikne toto:","When you combine more than 2 blocks with the same number, it becomes:","Lorsque vous combinez plus de 2 blocs avec le même nombre, cela devient:","Wenn du mehr als 2 Blöcke mit derselben Zahl kombinierst, entsteht Folgendes:","Ketika Anda menggabungkan lebih dari 2 blok dengan angka yang sama, menjadi:","Ha több mint 2 blokkot egyesítesz ugyanolyan számmal, akkor ez lesz az eredmény:","Quando combini più di 2 blocchi con lo stesso numero, diventa:",同じ数字のブロックを2つ以上組み合わせると、次のようになります：,동일한 숫자의 2개 이상의 블록을 병합하면 다음과 같이 됩니다:,"Apabila anda menggabungkan lebih daripada 2 blok dengan nombor yang sama, ia akan menjadi:",Połączenie więcej niż 2 bloków o tej samej liczbie daje:,"Ao combinar mais de 2 blocos com o mesmo número, ele se torna:","Atunci când combinați mai mult de 2 blocuri cu același număr, rezultatul devine:","Когда вы объединяете более 2 блоков с одинаковым числом, получается:","Cuando combinas más de 2 bloques con el mismo número, se convierte en:",เมื่อคุณรวมบล็อกมากกว่า 2 บล็อกที่มีตัวเลขเดียวกัน จะกลายเป็น:,Daha fazla bloğu birleştirerek daha yüksek sayılar oluşturun.,"Khi bạn kết hợp hơn 2 khối có cùng số, nó sẽ trở thành:"
help_info_text_4,ضم رقمين متشابهين و رقم أعلى، سيصبح,將兩個相同數字的方格以及一個數字更大的方格結合：,Spojením 2 stejných čísel a 1 většího čísla dostaneš:,"Joining 2 same number blocks and 1 higher number block, it will become",Fusionnez deux chiffres identiques et un plus gros chiffre pour faire :,"Fusioniere zwei identische Zahlen und eine größere, und erhalte:",Merangkaikan dua blok berangka sama dengan satu blok berangka lebih tinggi akan menghasilkan,"Két megegyező számot összeköthetsz egy soron következő nagyobb számmal is, íme:","Unendo due tasselli con lo stesso numero con un numero maggiore, diventerà:",同数ブロック２つと大きな数のブロック１つを結合すると：,2개 이상의 동일한 숫자와 1개의 더 큰 숫자를 결합하면 다음과 같이 됩니다.,"Mencampurkan 2 blok nombor yang sama dan 1 blok nombor yang lebih tinggi, ia akan menjadi","Łącząc 2 pola z taką samą liczbą i 1 pole z wyższą liczbą, otrzymasz","Conectando 2 ou mais blocos de números iguais e 1 bloco de número maior, eles se tornarão:","Combinând două căsuțe cu numere egale și una cu un număr mai mare, va rezulta","Если соединить 2 одинаковых числа с большим числом, то получится ","Uniendo dos bloques de números iguales y un número mayor, será:",การรวมบล็อกเดียวกัน 2 อันและบล็อกตัวเลขสูงกว่า 1 อันเข้าด้วยกัน จะกลายเป็น,"2 aynı sayılı blok ve 1 daha yüksek sayılı bloğun birleştirilmesi,",Nối 2 ô số giống nhau và 1 ô số lớn hơn sẽ có được
help_info_text_2,الهدف هو إنشاء أكبر عدد ممكن من مكعبات الأرقام هو اللانهاية,目標是獲取最大數字：無限方格,"Cílem hry je vytvořit blok s největším číslem, jímž je nekonečno.",The goal is to create the highest number block possible wich is infinity,L’objectif est d’obtenir le bloc infini.,"Das Ziel ist, den größten Block zu produzieren, der im Spiel möglich ist, nämlich Unendlichkeit.","Hasilkan blok dengan angka setinggi mungkin, bahkan mencapai tak hingga","A játék célja, hogy elérd a lehető legnagyobb számot, vagyis a ""végtelent"".","L'obiettivo è creare il tassello con il maggior numero possibile, ossia infinito.",目標は、無限にある、できるだけ大きな数のブロックを作ること,"목표는 가능한 한 많이, 즉 무한으로 블록을 만드는 것입니다.",Matlamatnya adalah untuk mencipta blok nombor tertinggi yang mungkin iaitu infiniti,Celem gry jest stworzenie pola nieskończoności,"O objetivo é criar o bloco com o número mais alto possível que, no caso, é infinito.","Scopul este să creezi căsuța cu cel mai mare număr posibil, care este infinitul","Цель — создать кубик с наибольшим числом, который является бесконечностью","El objetivo es crear un bloque con el número mayor posible, el infinito",เป้าหมายคือการสร้างบล็อกตัวเลขให้สูงที่สุดซึ่งมีค่า/ไม่สิ้นสุด,"Amaç,mümkün olan en yüksek sayı bloğunu oluşturarak sonsuza ulaşmaktır.","Mục tiêu là tạo ra ô số có giá trị lớn nhất có thể, trong trường hợp này là vô cùng"
help_info_text_3,"
فيما يلي بعض الاختصارات",以下為參考數字縮寫：,Tady jsou některé zkratky.," 
Here are some of the abbreviations,"," 
Exemples d’abréviations :",Hier sind einige der Abkürzungen:,"Berikut ini beberapa singkatan penting untuk diketahui,",A rövidítések a következők:,Ecco alcune abbreviazioni:," 
いくつかの略語は、以下の通り","다음은 몇 가지 약어입니다,","Berikut adalah beberapa singkatan,",Oto niektóre skróty,Aqui estão algumas abreviações:,"Iată câteva prescurtări,",Сокращения:,Aquí están algunas de las abreviaturas:," 
นี่คือตัวย่อบางส่วน","İşte bazı kısaltmalar,","Dưới đây là một số thuật ngữ viết tắt,"
powerups,المساعدات,道具,BONUSY,POWERUPS,BONUS,POWERUPS,BANTUAN,SEGÍTSÉGEK,POTENZIAMENTI,パワーアップ,파워업,NAIK KUASA,WZMOCNIENIA,PODERES,SUPER-ABILITĂȚI,УСИЛИТЕЛИ,POTENCIADORES,พาวเวอร์อัป,GÜÇLENDİRİCİLER,VẬT HỖ TRỢ
powerup_tileswap_description,استبدل أي كرتين على اللوحة.,在棋盤上交換任意兩個球。,Vyměňte libovolné 2 míčky na desce.,Swap any 2 balls on the board.,Échangez n'importe quelles 2 balles sur le tableau.,Tauschen Sie beliebige 2 Bälle auf dem Brett aus.,Tukar 2 bola apa pun di papan.,Cserélj ki bármely 2 labdát a táblán.,Scambia 2 palline qualsiasi sulla tavola.,ボード上の任意の2つのボールを交換します。,보드에서 어떤 2개의 공이든 교환하세요.,Tukar mana-mana 2 bola di papan.,Zamień dowolne 2 piłki na planszy.,Troque qualquer 2 bolas no tabuleiro.,Schimbați orice 2 bile de pe tablă.,Поменяйте местами любые 2 шара на доске.,ntercambia cualquier 2 bolas en el tablero.,สลับลูกบอล 2 ลูกใดก็ได้บนกระดาน.,Tahtadaki herhangi 2 topun yerini değiştirin.,Đổi bất kỳ 2 quả bóng nào trên bảng.
powerup_hammer_description,احذف كرة على اللوحة.,摧毀棋盤上的一顆球。,Zničte míček na desce.,Destroy a ball on the board,Détruisez une balle sur le tableau.,Zerstöre eine Kugel auf dem Brett.,Hancurkan satu bola di papan.,Rombolj le egy labdát a táblán., Distruggi una pallina sulla tavola.,ボード上のボールを一つ破壊します。,보드의 한 공을 파괴하세요.,Musnahkan satu bola di papan.,Zniszcz jedną piłkę na planszy.,Destrua uma bola no tabuleiro.,Distrugți o minge pe tablă.,Уничтожьте шар на доске.,Destruir una bola en el tablero.,ทำลายลูกบอลหนึ่งบนกระดาน.,Tahtadaki bir topu yok edin.,Phá hủy một quả bóng trên bảng.
powerup_hammer_ingame_desc,حدد كرة لتدميرها.,選擇一個球進行摧毀。,Vyberte míček k zničení.,Select a ball to destroy.,Sélectionnez une balle à détruire.,Wählen Sie eine Kugel zum Zerstören aus.,Pilih satu bola untuk dihancurkan.,Válasszon egy labdát a megsemmisítéshez.,Seleziona una pallina da distruggere.,破壊するボールを選択してください,파괴할 공을 선택하세요.,Pilih satu bola untuk dimusnahkan.,Wybierz piłkę do zniszczenia.,Selecione uma bola para destruir.,Selectați o minge de distrus.,Выберите шар для уничтожения.,Selecciona una bola para destruir.,เลือกลูกบอลหนึ่งเพื่อทำลาย.,Yok edilecek topu seçin,Chọn một quả bóng để phá hủy.
powerup_tileswap_ingame_desc, حدد كرتين لتبديل مواقعهما.,選擇兩個球以交換它們的位置。,"Vyberte dvě míčky, abyste vyměnili jejich pozice.",Select two balls to swap their positions,Sélectionnez deux balles pour échanger leurs positions.,"Wählen Sie zwei Bälle aus, um ihre Positionen zu tauschen.",Pilih dua bola untuk menukar posisi mereka.,"Válasszon ki két labdát, hogy cserélje meg őket.",Seleziona due palline per scambiare le loro posizioni.,2つのボールを選択して位置を交換します。,두 공을 선택하여 위치를 바꿉니다.,Pilih dua bola untuk menukar posisi mereka.,"Wybierz dwie piłki, aby zamienić ich pozycje.",Selecione duas bolas para trocar suas posições.,Selectați două bile pentru a le schimba pozițiile.,"Выберите два шара, чтобы поменять их местами.",Selecciona dos bolas para intercambiar sus posiciones.,เลือกลูกบอลสองลูกเพื่อสลับตำแหน่งของพวงมาลัย.,Değiştirmek için 2 top seçin,Chọn hai quả bóng để hoán đổi vị trí của chúng.
wonderful,رائع!,好極了！,SKVĚLE!,WONDERFUL!,MAGNIFIQUE !,WUNDERBAR!,HEBAT!,NAGYSZERŰ!,FANTASTICO!,素晴らしい！,훌륭해요!,MENAKJUBKAN!,WSPANIALE!,ÓTIMO!,MINUNAT!,ПОТРЯСАЮЩЕ!,¡MARAVILLOSO!,ยอดเยี่ยม!,HARİKA!,TUYỆT DIỆU!
popup_tileunlock_description,قم فتح رقم جديد!,已解鎖新方塊！,BYL ODEMČEN NOVÝ BLOK!,NEW BLOCK UNLOCKED!,Nouveau bloc débloqué!,NEUER BLOCK FREIGESCHALTET!,BLOK BARU TERBUKA!,Új számot oldottál fel:,NUOVO TASSELLO SBLOCCATO!,新しいブロックへのアクセス解除！,새로운 블록 잠금 해제!,BLOK BAHARU DIBUKA KUNCI!,ODBLOKOWANO NOWE POLE!,NOVO BLOCO DISPONÍVEL!,CĂSUȚĂ NOUĂ DEBLOCATĂ!,РАЗБЛОКИРОВАН НОВЫЙ КУБИК!,¡NUEVO BLOQUE DESBLOQUEADO!,ปลดล็อกบล็อกใหม่แล้ว!,YENİ BLOK AÇILDI!,MỞ KHÓA Ô SỐ MỚI
reward,جائزة,獎勵,Odměna,Reward,Récompense,Belohnung,Hadiah,Jutalom,Ricompensa,報酬,보상,Ganjaran,Nagroda,Recompensa,Recompensă,Награда,Recompensa,รางวัล,Ödül,Phần thưởng
claim,احصل على,領取,Vyzvednout,Claim,Obtenir,Erhalte,Klaim,Begyűjtés,Riscuoti,もらう,요구,Ganjaran,Odbierz,Obter,Obține,Забрать,Obtener,รับ,Topla,Nhận
no_thanks,ًلا شكرا,跳過,"Ne, díky","No, Thanks","Non, merci",Nein Danke,"Tidak, terima kasih",Mégse,"No, grazie",結構です,괜찮습니다.,"Tidak, Terima Kasih","Nie, dziękuję","Não, obrigado",Nu doresc,"Нет, спасибо","No, gracias",ไม่ ขอบคุณ,"Hayır, Teşekkürler.","Không, cám ơn"
splendid,رائع,出色,VÝBORNĚ,SPLENDID,SPLENDIDE,VORZÜGLICH,MANTAP,PAZAR!,MERAVIGLIOSO,素晴らしい,멋져요!,HEBAT,ZNAKOMICIE,ESPLÊNDIDO,SPLENDID,ПРЕВОСХОДНО,ESPLÉNDIDO,วิเศษ,MÜKEMMEL!,TUYỆT ĐỈNH
popup_tileadd_description,تمت إضافة رقم جديد,已添加新方塊,BYL PŘIDÁN NOVÝ BLOK,NEW BLOCK ADDED,NOUVEAU BLOC AJOUTÉ,NEUER BLOCK HINZUGEFÜGT,BLOK BARU DITAMBAHKAN,Új szám került a táblára:,NUOVO TASSELLO AGGIUNTO,新しいブロックが追加されました,새로운 블록 추가,BLOK BAHARU DITAMBAH,DODANO NOWE POLE,NOVO BLOCO ADICIONADO,CĂSUȚĂ NOUĂ ADĂUGATĂ,ДОБАВЛЕН НОВЫЙ КУБИК,NUEVO BLOQUE AÑADIDO,เพิ่มบล็อกใหม่แล้ว,YENİ BLOK EKLENDİ!,ĐÃ THÊM Ô SỐ MỚI
next,التالي,下一關,Další,Next,Suivant,WEITER,Berikutnya,Következő,Successivo,次へ,다음,Seterusnya,Następne,PRÓXIMO,Mai departe,Далее,Siguiente,ถัดไป,Sonraki,Tiếp
ok,نعم,OK,OK,Ok,OK,OK,Oke,Oké,OK,Ok,확인,Ok,OK,OK,Ok,ОК,OK,ตกลง,Tamam,ОК
popup_tileeliminate_description,الكرة مُزالة,球體消除,MÍČ ODSTRANĚN,BALL ELIMINATED,BALLE ÉLIMINÉE,BALL ENTFERNT,BOLA DIHILANGKAN,LABDA MEGSZŰNT,PALLA ELIMINATA,ボール削除,공 제거됨,BOLA DIHAPUSKAN,PIŁKA USUNIĘTA,BOLA ELIMINADA,MINGEA ELIMINATĂ,МЯЧ УДАЛЕН,BOLA ELIMINADA,ลูกบอลถูกกำจัด,TOP ELENDİ,BÓNG ĐÃ LOẠI BỎ
congrats,مبروك!,成功！,Gratulujeme!,Congrats!,Félicitations !,Gratulation!,Selamat!,EZ IGEN!,Complimenti!,おめでとう！,축하해요!,Tahniah!,Gratulacje!,Parabéns!,Felicitări!,Поздравляем!,¡Felicidades!,ยินดีด้วย!,Tebrikler!,Xin chúc mừng!
daily_reward,مكافأة اليومية,每日獎勵,DENNÍ ODMĚNA,DAILY REWARD,RÉCOMPENSE DU JOUR,TÄGLICHE BELOHNUNG,HADIAH HARIAN,NAPI JUTALOM,RICOMPENSA GIORNALIERA,デイリー報酬,일일 선물,GANJARAN HARIAN,NAGRODA DNIA,Presente Diário,RECOMPENSĂ ZILNICĂ,НАГРАДА ДНЯ,RECOMPENSA DIARIA,รางวัลรายวัน,GÜNLÜK ÖDÜL,QUÀ TẶNG HÀNG NGÀY
popup_dailygift_description,سيؤدي تفويت يوم واحد إلى العودة إلى بداية المكافآت,若錯過每日登入，獎勵進度將被重置。,"Pokud vynecháš den, tvůj postup se vymaže.",Missing a day will reset the reward progress.,La progression est réinitialisée si vous manquez un jour.,"Wenn du einen Tag verpasst, wird der Fortschritt zurückgesetzt.",Melewatkan sehari akan menghilangkan progres hadiahmu.,"Lépj be minden nap, hogy ne szakadjon meg a szériád.",Saltare un giorno causerà l'azzeramento dei progressi della ricompensa.,プレイしない日があると、報酬の進捗状況はリセットされます。,하루를 놓치면 보상 진행 상황이 초기화됩니다.,Terlepas sehari akan menetapkan semula kemajuan ganjaran.,"Jeśli opuścisz dzień, stracisz możliwość odebrania kolejnej nagrody.",Perder um dia reiniciará o progresso de recompensas,"Dacă ratezi o zi, progresul recompenselor va fi resetat.","Прогресс наград будет сброшен, если пропустить хоть один день.",Perder un día reiniciará el progreso de recompensas.,หากคุณหายไปหนึ่งวันจะรีเซ็ตความคืบหน้ารางวัล,Gün atladığınızda ödül ilerlemeniz başa dönecektir.,Mất một ngày sẽ khiến tiến độ phần thưởng trở về mốc khởi đầu.
double_it,ضاعفها!,加倍！,ZDVOJNÁSOBIT,DOUBLE IT!,DOUBLER !,VERDOPPLE ES!,DOBEL!,Duplázzuk meg!,RADDOPPIALA!,倍にする！,두배 더!,GANDAKANNYA!,PODWÓJ!,DOBRAR!,DUBLEAZĂ!,УДВОИТЬ!,¡DUPLÍCALO!,เพิ่มสองเท่า!,İKİYE KATLA!,NHÂN ĐÔI
claim_it,احصل عليه,領取,Vybrat,Claim It,Obtenir,Einfordern,Klaim,Ide vele!,Riscuotila,もらう,요구,Tuntut,Odbierz,Obter,Obține,Забрать,Obtener,รับรางวัล,Topla,Nhận
shop,المتجر,商店,Obchod,Shop,Magasin,Laden,Toko,Bolt,Negozio,ショップ,가게,Kedai,Sklep,Loja,Magazin,Магазин,Tienda,ร้านค้า,Mağaza,Cửa hàng
restore_purchases,استعادة المشتريات,回復購買,Obnovit nákupy,Restore Purchases,Récupérer les achats,Käufe wiederherstellen,Pulihkan Pembelian,Vásárlások visszaállítása,Ripristina acquisti,購入を復元,구매 복원,Pulihkan Pembelian,Przywróć zakupy,Restaurar compras,Restabilește achizițiile,Восстановить покупки,Restaurar compras,เรียกคืนการสั่งซื้อ,Alınanları Geri Yükle,Khôi phục mua hàng
shop_ad_free,إعلان مجاني,移除廣告,Bez reklam,Ad Free,Sans pubs,Ohne Werbung,Tanpa Iklan,Hirdetésmentesség,Senza annunci,広告なし,광고 없음,Tanpa Iklan,Bez reklam,Eliminar Anúncios,Fără reclame,Без рекламы,Libre de anuncios,ไม่มีโฆษณา,Reklamsız,Không có quảng cáo
earn_gems,اكسب الجواهر,獎勵寶石,ZÍSKEJ DRAHOKAMY,EARN GEMS,GAGNEZ DES GEMMES,VERDIENE EDELSTEINE,DAPATKAN PERMATA,SZEREZZ GYÉMÁNTOKAT!,GUADAGNA GEMME,宝石集め,보석 획득,PEROLEH PERMATA,ZDOBĄDŹ KLEJNOTY,GANHE GEMAS,OBȚINE DIAMANTE,ПОЛУЧИТЬ САМОЦВЕТЫ,GANA GEMAS,รับเพชร,Elmas Kazan,KIẾM ĐÁ QUÝ
popup_shop_return_rewarded_desc,شاهد الإعلان للفوز بالجواهر,觀看廣告來獲得寶石,ZHLÉDNI REKLAMU A VYHRAJ DRAHOKAMY,WATCH AD TO WIN GEMS,REGARDEZ UNE PUB POUR GAGNER DES GEMMES,WERBUNG ANSEHEN UM EDELSTEINE ZU VERDIENEN,TONTON IKLAN UNTUK MENDAPATKAN PERMATA,Nézz meg egy hirdetést gyémántokért cserébe.,GUARDA ANNUNCI PER VINCERE GEMME,広告を見て宝石を獲得,보석을 얻으려면 광고를 시청하세요.,TONTON IKLAN UNTUK MEMENANGI PERMATA,ZDOBĄDŹ KLEJNOTY ZA REKLAMĘ,ASSISTA UM ANÚNCIO PARA GANHAR GEMAS,URMĂREȘTE RECLAMA CA SĂ OBȚII DIAMANTE,"ПОСМОТРИТЕ РЕКЛАМУ, ЧТОБЫ ПОЛУЧИТЬ САМОЦВЕТЫ",MIRA ANUNCIOS PARA GANAR GEMAS,ชมโฆษณาเพื่อรับเพชร,ELMAS KAZANMAK İÇİN İZLE,XEM QUẢNG CÁO ĐỂ NHẬN ĐÁ QUÝ
ste,متوقف مؤقتًا,已暫停,Pozastaveno,Paused,En pause,Pausiert,Pause,A JÁTÉK SZÜNETEL,In pausa,一時停止,일시중지,Dijeda,Gra wstrzymana,Pausado,PAUZĂ,На паузе,EN PAUSA,หยุดพัก,Duraklatıldı,Tạm dừng
are_you_sure,هل أنت متأكد؟,確認？,OPRAVDU?,ARE YOU SURE?,VRAIMENT ?,BIST DU SICHER?,KAMU YAKIN?,JÓL ÁTGONDOLTAD?,CONFERMI?,よろしいですか？,확실합니까?,ANDA PASTI?,NA PEWNO?,TEM CERTEZA?,EȘTI SIGUR?,ВЫ УВЕРЕНЫ?,¿TIENES CERTEZA?,คุณแน่ใจหรือไม่?,EMİN MİSİN?,BẠN CHẮC CHỨ?
popup_quit_desc,هل تريد الانسحاب من اللعبة؟,你確定要離開遊戲嗎？,Opravdu chceš hru ukončit?,Do you want to quit from the game?,Voulez-vous quitter le jeu ?,Möchtest du das Spiel verlassen?,Kamu ingin mengakhiri permainan?,Biztosan ki szeretnél lépni a játékból?,Vuoi uscire dal gioco?,ゲームを中止しますか？,게임을 종료하시겠습니까?,Adakah anda mahu berhenti daripada permainan?,Chcesz zakończyć grę?,Você quer sair?,Vrei să părăsești jocul?,Хотите выйти из игры?,¿Quieres salir del juego?,คุุณต้องการออกจากเกมใช่ไหม?,Oyundan çıkmak istediğine emin misin?,Bạn muốn thoát khỏi trò chơi?
yes,نعم,是,ANO,YES,OUI,JA,YA,Igen,SÌ,はい,예,YA,TAK,Sim,DA,ДА,Sí,ใช่,EVET,ĐÚNG
no,لا,否,NE,NO,NON,NEIN ,TIDAK,Nem,NO,いいえ,아니오,TIDAK,NIE,NÃO,NU,НЕТ,NO,ไม่,HAYIR,KHÔNG
popup_reset_progress_desc,سيؤدي هذا إلى إعادة لعبتك الحالية والنتيجة إلى الصفر.,重置當前的遊戲進度與分數。,Tímto restartuješ svoji aktuální hru a tvoje skóre bude nastaveno na nulu.,This will reset your current game and score to zero.,Votre partie et votre score seront réinitialisés.,Dadurch wird dein laufendes Spiel und deine Punktzahl auf 0 zurückgesetzt.,Progres permainan akan hilang dan skormu kembali menjadi nol.,Ezzel a tábla tartalma és az eddig elért eredményed visszaáll.,Quest'azione azzererà la partita corrente e il tuo punteggio.,現在のゲームはリセットされ、スコアがゼロになります。,현재 게임과 점수가 0으로 재설정됩니다.,Ini akan menetapkan semula permainan semasa anda dan skor kepada sifar.,Zresetujesz grę i swój wynik.,Isso vai resetar seu jogo atual e pontuação para zero.,Jocul curent va fi resetat iar scorul va ajunge la zero.,"Текущая игра будет сброшена, а счет — обнулен.",Esto reinicará la partida y tu puntaje volverá a cero.,เมื่อยืนยันแล้วจะรีเซ็ตเกมปัจจุบันและมีคะแนนเป็นศูนย์,Mevcut oyununuzu ve puanınızı sıfırlanır.,Thao tác này sẽ cài đặt lại ván chơi hiện tại của bạn và đưa điểm về 0.
ad_break,استراحة اعلان!,廣告時間！,REKLAMNÍ PŘESTÁVKA!,AD BREAK!,COUPURE PUB !,WERBEPAUSE!,JEDA IKLAN!,HIRDETÉS A LÁTHATÁRON!,PAUSA ANNUNCIO!,広告で休憩！,광고 휴식!,REHAT IKLAN!,PRZERWA NA REKLAMĘ!,PAUSA PARA ANÚNCIO!,PAUZĂ DE RECLAMĂ!,РЕКЛАМА!,¡PAUSA PUBLICITARIA!,พักชมโฆษณา,REKLAM ARASI!,QUẢNG CÁO GIẢI LAO!
out_of_moves,نفذ المساحة,空間不足,NEDOSTATEK PROSTORU,OUT OF SPACE,PLUS D'ESPACE DISPONIBLE,KEIN SPEICHERPLATZ MEHR,KEHABISAN RUANG,NINCS ELÉG HELY,SPAZIO ESAURITO,スペース切れ,공간 부족,HABIS TEMPAT,BRAK MIEJSCA,SEM ESPAÇO,FĂRĂ SPAȚIU DISPONIBIL,НЕТ МЕСТА,SIN ESPACIO,พื้นที่ไม่เพียงพอ,ALAN KALMADI,HẾT KHÔNG GIAN
popup_out_of_move_desc,الاستمرار في اللعب؟,繼續？,Chceš pokračovat ve hraní?,Keep Playing?,Continuer à jouer ?,Weiterspielen?,Terus bermain?,Folytatod a játékot?,Vuoi continuare a giocare?,プレイし続けますか？,계속 하시겠습니까?,Teruskan Bermain?,Grasz dalej?,Continuar jogando?,Vrei să continui jocul?,Продолжить игру?,¿Continuar jugando?,เล่นต่อ?,Oynamaya Devam?,Tiếp tục chơi?
welcome,مرحباً,歡迎！,VÍTEJ,WELCOME,BIENVENUE,Herzlich willkommen!,Selamat datang!,SZIA!,TI DIAMO IL BENVENUTO!,ようこそ,환영합니다!,SELAMAT DATANG,WITAMY,Olá!,BINE AI VENIT,ДОБРО ПОЖАЛОВАТЬ,¡TE DAMOS LA BIENVENIDA!,ยินดีต้อนรับ!,Merhaba!,XIN CHÀO!
popup_gdpr_desc,"مرحبًا بك في X2!
لكي نقدم لك تجربة أفضل، نحتاج منك أن تقبل شروط الاستخدام و سياسة الخصوصية الخاصة بنا.","歡迎來到X2!
為了帶給您更好的遊戲體驗，
請接受《隱私權政策》
以及《使用條款》。","Welcome to X2!
In order to offer you  a better experience, we need you to accept our
<link=""https://unicostudio.co/terms.html""><u><color=#FFA400>Terms of Use</color></u></link> and <link=""https://unicostudio.co/privacy.html""><u><color=#FFA400>Privacy Policy</color></u></link>.","Welcome to X2!
In order to offer you  a better experience, we need you to accept our
<link=""https://unicostudio.co/terms.html""><u><color=#FFA400>Terms of Use</color></u></link> and <link=""https://unicostudio.co/privacy.html""><u><color=#FFA400>Privacy Policy</color></u></link>.","En touchant Accepter et continuer, vous confirmez que vous avez lu et que vous acceptez nos <link=""https://unicostudio.co/terms.html""><#C7F463>conditions d’utilisation</color></link> et notre <link=""https://unicostudio.co/privacy.html""><#C7F463>politique de confidentialité</color></link>.","Willkommen bei X2! Indem du auf „Akzeptieren und fortfahren“ tippst, bestätigst du dein Einverständnis mit unserer <link=""https://unicostudio.co/terms.html""><#C7F463>Nutzungsbedingungen</color></link> und <link=""https://unicostudio.co/privacy.html""><#C7F463>Datenschutzerklärung</color></link>.","Dengan menekan tombol Terima dan Lanjutkan, Anda mengonfirmasi bahwa Anda telah meninjau dan menerima <link=""https://unicostudio.co/terms.html""><#C7F463>Syarat Penggunaan</color></link> dan <link=""https://unicostudio.co/privacy.html""><#C7F463>Kebijakan Privasi</color></link>.","Az Elfogadás és folytatás gomb megnyomásával megerősíted, hogy átnézted és elfogadtad a <link=""https://unicostudio.co/terms.html""><#C7F463>Felhasználási feltételeket</color></link> és az <link=""https://unicostudio.co/privacy.html""><#C7F463>Adatvédelmi irányelveket</color></link>.","Toccando Accetta e Continua, confermi di aver letto e accettato le nostre <link=""https://unicostudio.co/terms.html""><#C7F463>Condizioni di Utilizzo</color></link> e <link=""https://unicostudio.co/privacy.html""><#C7F463>Normativa sulla Privacy</color></link>.","「承諾して続ける」をタップすることで、当社の<link=""https://unicostudio.co/terms.html""><#C7F463>利用規約</color></link>と<link=""https://unicostudio.co/privacy.html""><#C7F463>プライバシーポリシー</color></link>を確認し、同意したことになります。","<link=""https://unicostudio.co/terms.html""><#C7F463>이용 약관</color></link> 및 <link=""https://unicostudio.co/privacy.html""><#C7F463>개인 정보 보호 정책</color></link>을 검토하고 수락한다면 동의 및 계속을 선택하세요.","Dengan mengetik Terima dan Teruskan, anda mengesahkan bahawa anda telah mengkaji dan menerima <link=""https://unicostudio.co/terms.html""><#C7F463>Terma Penggunaan</color></link> dan <link=""https://unicostudio.co/privacy.html""><#C7F463>Dasar Privasi kami</color></link>.","Naciskając przycisk Zaakceptuj i kontynuuj, potwierdzasz, że znasz i wyrażasz zgodę na nasze <link=""https://unicostudio.co/terms.html""><#C7F463>Warunki użytkowania</color></link> oraz <link=""https://unicostudio.co/privacy.html""><#C7F463>Politykę prywatności</color></link>.","Ao clicar em Aceitar e Continuar, você confirma que leu e aceitou nossos <link=""https://unicostudio.co/terms.html""><#C7F463>Termos de Uso</color></link> e <link=""https://unicostudio.co/privacy.html""><#C7F463>Política de Privacidade</color></link>.","Bine ai venit la X2!
Pentru o experiență mai plăcută, trebuie să accepți Termenii și Condițiile, precum și Politicile de Confidențialitate.","Нажав принять и продолжить, вы подтверждаете что ознакомились и согласились с нашими <link=""https://unicostudio.co/terms.html""><#C7F463>Условиями использования</color></link> и <link=""https://unicostudio.co/privacy.html""><#C7F463>Политикой конфиденциальности</color></link>.","Al tocar Aceptar y continuar, confirmas que leíste y aceptaste nuestros <link=""https://unicostudio.co/terms.html""><#C7F463>Términos de uso</color></link> y nuestra <link=""https://unicostudio.co/privacy.html""><#C7F463>Política de privacidad</color></link>.","เมื่อคุณกดยอมรับและดำเนินการต่อ
เป็นการยืนยันว่าคุณได้อ่านและยอมรับ
<link=""https://unicostudio.co/terms.html""><#C7F463>ข้อกำหนดการใช้งาน</color></link>และ
<link=""https://unicostudio.co/privacy.html""><#C7F463>นโยบายความเป็นส่วนตัว</color></link>
ของเราแล้ว","X2'e hoş geldiniz!
Size daha iyi bir deneyim sunabilmemiz için, şartlarımızı kabul etmenize ihtiyacımız var.
<link=""https://unicostudio.co/terms.html""><u><color=#FFA400>Kullanım Şartları</color></u></link> ve <link=""https://unicostudio.co/privacy.html""><u><color=#FFA400>Gizlilik Politikası</color></u></link>.","Bằng cách nhấn vào Chấp nhận và Tiếp tục, bạn xác nhận rằng mình đã xem và chấp nhận <link=""https://unicostudio.co/terms.html""><#C7F463>Điều khoản Sử dụng</color></link> và <link=""https://unicostudio.co/privacy.html""><#C7F463>Chính sách Bảo mật</color></link> của chúng tôi."
accept_and_continue,قبول ومتابعة,接受並繼續,Přijmout a pokračovat,Accept and Continue,Accepter et Continuer,AKZEPTIEREN UND FORTFAHREN,Setuju dan Lanjut,Elfogadás és folytatás,Accetta e continua,同意して続行,동의 및 계속,Terima dan Teruskan,Zaakceptuj i kontynuuj,ACEITAR E CONTINUAR,Acceptă și Continuă,Принять и продолжить,Aceptar y Continuar,ยอมรับและดำเนินการต่อ,KABUL ET VE DEVAM ET,Chấp nhận và tiếp tục
loading,تحميل...,載入中...,Načítání…,Loading...,Chargement...,Lädt …,Memuat ...,Betöltés...,Caricamento...,読み込み中...,불러오는 중...,Memuatkan...,Wczytywanie...,Carregando...,Se încarcă...,Загрузка...,Cargando...,กำลังโหลด...,Yükleniyor...,Đang tải...
celebrate_strings,مذهل - مثالي - رائع - ممتاز - جيد جدا - مدهش - تم الإنجاز بشكل ممتاز - لا يصدق - عمل رائع - جيد,很棒-完美-好極了-出色-優秀-極佳-絕妙-傑出-做得好-非凡-漂亮-出色-棒極了,ÚŽASNÉ-PERFEKTNÍ-SKVĚLÉ-NESKUTEČNÉ-BÁJEČNÉ-VYNIKAJÍCÍ-NEUVĚŘITELNÉ-VÝBORNĚ-BRAVO-FANTASTICKÉ-NÁDHERA-PARÁDA-DOBRÁ PRÁCE,AMAZING-PERFECT-WONDERFUL-TERRIFIC-FABULOUS-SUPERB-PRODIGIOUS-SPLENDID-WELL DONE-INCREDIBLE-FANTASTIC-ASTONISHING-GOOD JOB,GÉNIAL-PARFAIT-MERVEILLEUX-SUPERBE-FABULEUX-JOLI-MAGNIFIQUE-BIEN JOUÉ-FANTASTIQUE-BEAU TRAVAIL-IMPRESSIONNANT-FORMIDABLE-ROYAL,BEEINDRUCKEND-PERFEKT-WUNDERVOLL-GENIAL-UMWERFEND-SUPER-WUNDERBAR-WAHNSINN-GUT GEMACHT-UNGLAUBLICH-FANTASTISCH-ERSTAUNLICH-GUTE ARBEIT,LUAR BIASA-SEMPURNA-HEBAT-JEMPOLAN-KEREN-SUPER-PINTAR-MANTAP-BAIK SEKALI-MENAKJUBKAN-FANTASTIS-MENGAGUMKAN-BAGUS,FANTASZTIKUS-TÖKÉLETES-HIHETETLEN-LENYŰGÖZŐ-POMPÁS-SZUPER-ŐRÜLETES-ELLENÁLLHATATLAN-PRÍMA-KITŰNŐ-ZSENIÁLIS-FENOMENÁLIS-RENDKÍVÜLI,FANTASTICO-PERFETTO-MAGNIFICO-MERAVIGLIOSO-FAVOLOSO-SPLENDIDO-STUPEFACENTE-SORPRENDENTE-BEN FATTO-OTTIMO-INCREDIBILE-PAZZESCO-OTTIMO LAVORO,お見事 - パーフェクト - ワンダフル - 素晴らしい - 素晴らしい - 素晴らしい - 特別な - 素晴らしい - よくできました - 信じられないほど - ファンタスティック - 驚異的 - 良い仕事,놀라워요-완벽해요-멋져요-훌륭해요-훌륭한-뛰어나요-대단해요-훌륭해요-잘 했어요-믿을 수 없어요-환상적입니다-놀라워요-잘했어요,MENAKJUBKAN-SEMPURNA-HEBAT-BAGUS-MEMUASKAN-MENARIK-MENGAGUMKAN-CEMERLANG-PINTAR-SYABAS-LUAR BIASA-MENAKJUBKAN-KERJA YANG BAIK,NIESAMOWICIE-IDEALNIE-CUDOWNIE-WSPANIALE-FANTASTYCZNIE-DOSKONALE-MISTRZOWSKO-ZNAKOMICIE-ŚWIETNIE-GENIALNIE-FENOMENALNIE-REWELACYJNIE-KAPITALNIE,INCRÍVEL-PERFEITO-ÓTIMO-DEMAIS-FABULOSO-SOBERBO-PRODIGIOSO-ESPLÊNDIDO-PARABÉNS-ESPETACULAR-FANTÁSTICO-BRILHANTE-BOM TRABALHO,ULUITOR-PERFECT-MINUNAT-EXCELENT-FABULOS-SUPERB-FENOMENAL-SPLENDID-BINE LUCRAT-INCREDIBIL-FANTASTIC-REMARCABIL-BUNĂ TREABĂ,ВОСХИТИТЕЛЬНО-ОТЛИЧНО-ПОТРЯСАЮЩЕ-ПРЕКРАСНО-НЕВЕРОЯТНО-ВЕЛИКОЛЕПНО-ИЗУМИТЕЛЬНО-ПРЕВОСХОДНО-СУПЕР-НЕВЕРОЯТНО-ФАНТАСТИКА-ОШЕЛОМИТЕЛЬНО-НЕСРАВНЕННО,INCREÍBLE-PERFECTO-MARAVILLOSO-FANTÁSTICO-FABULOSO-MAGNÍFICO-PRODIGIOSO-ESPLÉNDIDO-BIEN HECHO-GENIAL-ASOMBROSO-BUEN TRABAJO,มหัศจรรย์-สมบูรณ์แบบ-อัศจรรย์-สุดยอด-ดีเลิศ-ที่สุด-มีพรสวรรค์-วิเศษ-ดีมาก-เหลือเชื่อ-เจ๋ง-น่าอัศจรรย์-ทำได้ดี,MUHTEŞEM-MÜKEMMEL-KUSURSUZ-MÜTHİŞ-ŞAHANE-ÇOK GÜZEL-OLAĞANÜSTÜ-HARİKA-İNANILMAZ-ŞAŞIRTICI-AFERİN-EFSANEVİ-İNANILMAZ-ŞAŞIRTICI-TEBRİKLER-FANTASTİK-HELAL OLSUN SANA,TUYỆT VỜI-HOÀN HẢO-HOÀN MỸ-HẾT CHỖ CHÊ-ĐỈNH CAO-SIÊU CẤP-PHI THƯỜNG-TUYỆT ĐỈNH-XUẤT SẮC-THÔNG MINH-SÁNG SUỐT-BÁ ĐẠO-HAY LẮM
contact_us,اتصل بنا,聯繫我們,Kontaktuj nás,Contact Us,Contactez-nous,Kontaktiere uns,Hubungi kami,Lépj velünk kapcsolatba!,Contattaci,お問い合わせ,문의하기,Hubungi Kami,Skontaktuj się z nami,Contate-nos,Contactează-ne,Связаться с нами,Contáctenos,ติดต่อเรา,Bize Ulaşın,Liên hệ chúng tôi
your_highest_block,أكبر كتلة لديك,你的最高街區,TVŮJ NEJVĚTŠÍ BLOK,YOUR HIGHEST BLOCK,VOTRE BLOC LE PLUS ÉLEVÉ,IHR HÖCHSTER BLOCK,BLOK TERTINGGIMU,LEGNAGYOBB SZÁM,IL TUO BLOCCO PIÙ ALTO,只今の最高値,가장 높은 블록,BLOK TERTINGGI ANDA,TWÓJ NAJWYŻSZY BLOK,SEU BLOCO MAIS ALTO,CĂSUȚA CEA MAI MARE,КУБИК С НАИБОЛЬШИМ ЧИСЛОМ,TU BLOQUE MÁS ALTO,บล็อกสูงสุดของคุณ,EN YÜKSEK BLOĞUNUZ,KHỐI CAO NHẤT CỦA BẠN
free,مجانًا,免費,ZDARMA!,FREE!,Gratuit,Gratis,Gratis,Ingyenes,Gratis,無料,무료,Percuma,Za darmo,Grátis,GRATUIT!,Даром,Gratis,ฟรี,Ücretsiz,Miễn phí
special_offer,تخفيضات,促銷,SLEVA,SPECIAL OFFER,SOLDES,ANGEBOT,OBRAL,Különleges ajánlat,OFFERTA,セール,할인,JUALAN MURAH,PROMOCJA,PROMOÇÃO,OFERTĂ SPECIALA,РАСПРОДАЖА,PROMO,ข้อเสนอพิเศษ,İNDİRİM,GIẢM GIÁ
spinwheel,أدر العجلة,紡車,KOLO ŠTĚSTÍ,SPINWHEEL,ROUE TOURNANTE,DREHRAD,RODA PUTAR,KERÉK,GIREVOLE,スピンホイール,돌림판,RODA PUTAR,OBRACAJĄCE SIĘ KOŁO,RODA,ROATA NOROCULUI,КОЛЕСО,RUEDA GIRATORIA,ล้อหมุน,ÇARK,bánh xe quay
spin,دورّها,轉動,ZATOČIT,SPIN,Tourner,Drehen,Putar,Pörgetés,Gira,スピン,회전,Putar,Zakręć,Girar,ÎNVÂRTE,Крутить,Girar,หมุน,Çevir,Quay
ready,就緒！,就緒！,Připraveno!,Start!,Prêt !,Bereit!,Siap!,Kész!,Andiamo!,準備完了！,준비 완료,Sedia!,Start!,Pronto!,Start!,Готово!,¡Listo!,พร้อม!,Hazır!,Sẵn sàng!
coolest_offer,أفضل عرض,超酷優惠,NEJÚŽASNĚJŠÍ NABÍDKA,COOLEST OFFER!,OFFRE LA PLUS COOL,COOLES ANGEBOT,PENAWARAN TERKEREN,LEGJOBB AJÁNLAT!,OFFERTA IMPERDIBILE,最高のオファー,가장 멋진 할인,TAWARAN TERHEBAT,NAJLEPSZA OFERTA,OFERTA INCRÍVEL,CEA MAI COOL OFERTA!,ЛУЧШЕЕ ПРЕДЛОЖЕНИЕ,OFERTA INCREÍBLE,ข้อเสนอสุดเจ๋ง,EN HAVALI TEKLİF,ƯU ĐÃI CỰC ĐỈNH
day,اليوم {0},第{0}天,Den {0},Day {0},Jour {0},Tag {0},Hari {0},{0}. nap,Giorno {0},{0}日目,{0}일,Hari {0},Dzień {0},Dia {0},Ziua {0},{0} день,Día {0},วันที่ {0},{0}. Gün,Ngày {0}
combo,كومبو{0},連擊 {0},KOMBINACE {0},Combo {0},COMBO {0},KOMBO {0},KOMBO {0},{0} KOMBÓ,COMBO {0},{0}コンボ,{0}콤보,KOMBO {0},KOMBINACJA {0},COMBO {0},Combo {0},КОМБО {0},COMBO {0},คอมโบ {0},KOMBO {0},COMBO {0}
biggest_offer,أكبر عرض!,最大優惠！,Největší nabídka!,Biggest Offer!,Meilleure offre !,Größtes Angebot!,Penawaran Terbesar!,Megaajánlat,Offerta Migliore!,ビッグセール！,가장 큰 제안!,Tawaran Terbesar!,Największa oferta!,Maior Oferta,Cea Mai Bună Ofertă!,Самое выгодное предложение!,¡La Mejor Oferta!,ข้อเสนอที่ใหญ่ที่สุด!,En Büyük Teklif!,Ưu đãi lớn nhất!
language_string,اللغة,語言,Jazyk,Language,Langue,Sprache,Bahasa,Nyelv,Lingua,言語,언어,Bahasa,Jezyk,Idioma,Limba,ЯЗЫК,Idioma,ภาษา,Dil,Ngôn Ngữ
language_desc,اختر لغتك,選擇您的語言,Vyber si svůj jazyk,Choose Your Language,Choisissez votre langue,Wählen Sie Ihre Sprache,Pilih Bahasamu,Válaszd ki a nyelvet,Scegli la tua lingua,言語を選択してください,언어 선택,Pilih Bahasa Anda,Wybierz swój język,Escolha o seu idioma,Alege limba,Выберите язык, Seleccione su idioma,เลือกภาษาของคุณ,Dilinizi Seçin,Chọn ngôn ngữ của bạn
great,رائع!,太棒了！,SKVĚLE!,GREAT!,Génial !,Großartig!,Hebat!,SZUPER!,Fantastico!,素晴らしい！,대단해요! ,Hebat!,Świetnie!,Ótimo!,Grozav!,Отлично!,¡Genial!, ดีมาก!,HARİKA!,Tuyệt vời!
share_now,شارك الآن,立即分享,Sdílet nyní,Share Now,Partager,Jetzt teilen,Bagikan Sekarang,Megosztás,Condividi Ora,今すぐシェア ,지금 공유하기,Kongsi Sekarang,Udostępnij teraz,Compartilhar Agora,Distribuie Acum,Поделиться,Compartir Ahora,แชร์เดี๋ยวนี้ ,Şimdi Paylaş,Chia sẻ ngay bây giờ
achievement_unlocked,تم إتمام الإنجاز,解鎖成就,Úspěch odemčen,Achievement Unlocked,Succès débloqué,Erfolg freigeschaltet,Pencapaian Diraih,Teljesítmény feloldva,Obiettivo Sbloccato,達成解除！,업적 잠금 해제!,Kejayaan Berjaya Dibuka,Osiągnięcie odblokowane,Conquista Desbloqueada,Obiectiv Deblocat,Достижение разблокировано,Logro Desbloqueado,ปลดล็อคความสำเร็จแล้ว,Başarı Kazanıldı,Đã đạt được thành tựu
beat_this_record,هل يمكنك تحطيم هذا الرقم القياسي؟, 你能打破這個紀錄嗎？,Dokážeš překonat tento rekord?,CAN YOU BEAT THIS RECORD?,Pouvez-vous faire mieux ?,Kannst du diesen Rekord schlagen?,Mampu memecahkan rekor ini?,Sikerül megdöntened a rekordot?,Puoi battere questo record?,この記録を破ることができますか？,이 기록을 뛰어넘을 수 있나요?,Bolehkah Anda mengatasi rekod ini?,Czy możesz pobić ten rekord?,Você consegue bater este recorde?,POȚI BATE RECORDUL?,Сможете побить этот рекорд?,Puedes superar este récord?,คุณสามารถเอาชนะสถิตินี้ได้หรือไม่?,Bu rekoru kırabilir misin?,Bạn có thể vượt qua kỷ lục này không?
enter_message_here,الرجاء عدم تعديل هذا,請在此輸入您的訊息。,"Prosím, zadejte svou zprávu zde.",Please Enter your message here,Veuillez saisir votre message ici.,Bitte geben Sie hier Ihre Nachricht ein.,Silakan masukkan pesan Anda di sini.,"Kérjük, írja be az üzenetét itt.",Inserisci il tuo messaggio qui.,メッセージをここに入力してください。,메시지를 여기에 입력하세요.,Sila masukkan mesej anda di sini.,Proszę wpisać swoją wiadomość tutaj.,"Por favor, insira sua mensagem aqui.",Vă rugăm să introduceți mesajul dvs. aici.,"Пожалуйста, введите ваше сообщение здесь.","Por favor, ingrese su mensaje aquí.",กรุณากรอกข้อความของคุณที่นี่,Lütfen buraya mesajınızı girin,Vui lòng nhập tin nhắn của bạn ở đây.
dont_modify_this,الرجاء إدخال رسالتك هنا.,請勿更改此項目。,"Prosím, neupravujte to.",Please Do Not Modify This,Veuillez ne pas modifier ceci.,Bitte ändern Sie dies nicht.,Tolong jangan mengubah ini.,"Kérjük, ne módosítsa ezt.","Per favore, non modificare questo.",これを変更しないでください。,이것을 수정하지 마십시오.,Sila jangan mengubah ini.,Proszę nie modyfikować tego.,"Por favor, não modifique isso.",Vă rugăm să nu modificați acest lucru.,"Пожалуйста, не изменяйте это.","Por favor, no modifique esto.",โปรดอย่าแก้ไขสิ่งนี้,Lütfen bunu değiştirmeyin,Xin đừng sửa đổi điều này.
leaderboard,لوحة الزعماء,排行榜,ŽEBŘÍČEK,LEADERBOARD,TABLEAU DE BORD DES LEADERS,RANGLISTE,PAPAN PEMIMPIN,VEZETŐTÁBLA,CLASSIFICA / GLOBALE / REGIONALE,リーダーボード,리더 보드,PAPAN PIMPINAN,TABLICA LIDERÓW,TABELA DE LÍDERES,CLASAMENT,ДОСКА ЛИДЕРОВ,TABLERO DE LÍDERES,ตารางผู้นำ,LİDERLİK TABLOSU, BẢNG XẾP HẠNG
global,عالمي,全球,GLOBÁLNÍ,GLOBAL,GLOBAL,GLOBAL,GLOBAL,GLOBÁLIS,GLOBALE,グローバル,글로벌, GLOBAL,GLOBALNA,GLOBAL,GLOBAL,ГЛОБАЛЬНАЯ,GLOBAL,ทั่วโลก,GLOBAL,TOÀN CẦU
regional,إقليمي,地區,REGIONÁLNÍ,REGIONAL,RÉGIONAL,REGIONAL,REGIONAL,REGIONÁLIS,REGIONALE,リージョナル,리전별,RANTAU,REGIONALNA,REGIONAL,REGIONAL,РЕГИОНАЛЬНАЯ,REGIONAL,ภูมิภาค,BÖLGESEL,VÙNG LÃNH THỔ
january,يناير,一月,LEDEN,JANUARY,JANVIER,JANUAR,JANUARI,JANUÁR,GENNAIO,1月,1월,JANUARI,STYCZEŃ,JANEIRO,IANUARIE,ЯНВАРЬ,ENERO,มกราคม,OCAK,THÁNG GIÊNG
february,شهر فبراير,二月,ÚNOR,FEBRUARY,FÉVRIER,FEBRUAR,FEBRUARI,FEBRUÁR,FEBBRAIO,2月,2월,FEBRUARI,LUTY,FEVEREIRO,FEBRUARIE,ФЕВРАЛЬ,FEBRERO,กุมภาพันธ์,ŞUBAT,THÁNG 2
march,يمشي,行進,BŘEZEN,MARCH,MARS,MARSCH,BERBARIS,MÁRCIUS,MARZO,行進,3월,MAC,MARSZ,MARCHAR,MARTIE,МАРШИРОВАТЬ,MARZO,มีนาคม,MART,BƯỚC ĐỀU
april,أبريل,四月,DUBEN,APRIL,AVRIL,APRIL,APRIL,ÁPRILIS,APRILE,エイプリル,4월,APRIL,KWIECIEŃ,ABRIL,APRILIE,АПРЕЛЬ,ABRIL,เมษายน,NİSAN,THÁNG TƯ
may,يمكن,可能,SMĚT,MAY,PEUT,DÜRFEN,MUNGKIN,LEHET,MAGGIO,5月,5월,MUNGKIN,MÓC,PODERIA,MAI,МОЖЕТ,PUEDE,อาจ,MAYIS,CÓ THỂ
june,يونيو,六月,ČERVEN,JUNE,JUIN,JUNI,JUNI,JÚNIUS,GIUGNO,六月,6월,JUN,CZERWIEC,JUNHO,IUNIE,ИЮНЬ,JUNIO,มิถุนายน,HAZİRAN,THÁNG SÁU
july,يوليو,七月,ČERVENEC,JULY,JUILLET,JULI,JULI,JÚLIUS,LUGLIO,7月,칠월,JULAI,LIPIEC,JULHO,IULIE,ИЮЛЬ,JULIO,กรกฎาคม,TEMMUZ,THÁNG BẢY
august,أغسطس,八月,SRPEN,AUGUST,AOÛT,AUGUST,AGUSTUS,AUGUSZTUS,AGOSTO,8月,팔월,OGOS,SIERPIEŃ,AGOSTO,AUGUST,АВГУСТ,AGOSTO,สิงหาคม,AĞUSTOS,THÁNG TÁM
september,سبتمبر,九月,ZÁŘÍ,SEPTEMBER,SEPTEMBRE,SEPTEMBER,SEPTEMBER,SZEPTEMBER,SETTEMBRE,9月,구월,SEPTEMBER,WRZESIEŃ,SETEMBRO,SEPTEMBRIE,СЕНТЯБРЬ,SEPTIEMBRE,กันยายน,EYLÜL,THÁNG 9
october,اكتوبر,十月,ŘÍJEN,OCTOBER,OCTOBRE,OKTOBER,OKTOBER,OKTÓBER,OTTOBRE,10月,십월,OKTOBER,PAŹDZIERNIK,OUTUBRO,OCTOMBRIE,ОКТЯБРЬ,OCTUBRE,ตุลาคม,EKİM,THÁNG MƯỜI
november,شهر نوفمبر,十一月,LISTOPAD,NOVEMBER,NOVEMBRE,NOVEMBER,NOVEMBER,NOVEMBER,NOVEMBRE,11月,십일월,NOVEMBER,LISTOPAD,NOVEMBRO,NOIEMBRIE,НОЯБРЬ,NOVIEMBRE,พฤศจิกายน,KASIM,THÁNG MƯỜI MỘT
december,ديسمبر,十二月,PROSINEC,DECEMBER,DÉCEMBRE,DEZEMBER,DESEMBER,DECEMBER,DICEMBRE,12月,12월,DISEMBER,GRUDZIEŃ,DEZEMBRO,DECEMBRIE,ДЕКАБРЬ,DICIEMBRE,ธันวาคม,ARALIK,THÁNG 12
select_avatar,حدد الصورة الرمزية,選擇頭像,Vyberte Avatar,Select Avatar,Sélectionnez Avatar,Wählen Sie Avatar,Pilih Avatar,Válassza az Avatar lehetőséget,Seleziona Avatar,アバターを選択,아바타 선택,Pilih Avatar,Wybierz Awatara,Selecione o avatar,Selectați Avatar,Выберите аватар,Seleccionar avatar,เลือก อวาตาร์,Avatar Seç,Chọn hình đại diện
nickname,كنية,暱稱,Přezdívka,Nickname,Surnom,Spitzname,Nama panggilan,Becenév,Soprannome,ニックネーム,별명,nama samaran,Przezwisko,Apelido,Poreclă,Псевдоним,Apodo,ชื่อเล่น,Takma Ad,Tên nick
piggybank,حصالة,小豬儲蓄罐,PRASÁTKO,PIGGYBANK,TIRELIRE,SPARSCHWEIN,CELENGAN,MALACPERSELY,SALVADANAIO,貯金箱,돼지 저금통,TABUNG DUIT,ŚWINKA SKARBONKA,COFRINHO,PUȘCULIȚĂ,КОПИЛКА,ALCANCÍA,หมูออมสิน,KUMBARA,HEO ĐẤT
all_times,جميع الأوقات,總榜,Celkem,All Times,Total,Rekorde,Total,Mindenkori,Totale,総合,역대,Sepanjag Masa,Caly Czas,Total,Toate Timpurule,все время,Total,ตลอดเวลา,Tüm Zamanlar,Tất Cả Thời Gian
submit,إرسال,送出,Odeslat,SUBMIT,Envoyer,SENDEN,Kirim,Kész,INVIA,送信,보내기,HANTAR,Wyślij,ENVIAR,TRIMITE,Отправить,ENVIAR,ส่ง,GÖNDER,GỬI
validation_info, يجب أن يكون طول اسم المستخدم بين 5 و 15 حرفًا,用戶名必須為5-15個字符。,Uživatelské jméno musí být 5-15 znaků.,Username must be 5-15 characters,Le nom d'utilisateur doit comporter entre 5 et 15 caractères,Der Benutzername muss 5-15 Zeichen lang sein,Username harus terdiri dari 5-15 karakter,A felhasználónévnek 5-15 karakterből kell állnia., Il nome utente deve essere composto da 5-15 caratteri, ユーザー名は5〜15文字である必要があります。,사용자 이름은 5-15 자 여야합니다,Panjang nama pengguna mestilah antara 5 hingga 15 aksara,Nazwa użytkownika musi mieć od 5 do 15 znaków.,O nome de usuário deve ter entre 5 e 15 caracteres.,Numele de utilizator trebuie să aibă între 5 și 15 caractere,Длина имени пользователя должна быть от 5 до 15 символов,El nombre de usuario debe tener entre 5 y 15 caracteres, ชื่อผู้ใช้ต้องมีความยาว 5-15 ตัวอักษร,Kullanıcı adı 5-15 karakter olmalı,Tên người dùng phải có độ dài từ 5-15 ký tự.
shuffle,خلط,洗牌,Zamíchat,Shuffle,Mélanger,Mischen,Keverés,Acak,Mescolare,シャッフルする,섞다,Kocak,Tasować,Embaralhar,Amesteca,Перемешать,Mezclar,การสลับ,Karıştır,Trộn
step,خطوة {0},步驟 {0},Krok {0},Step {0},Étape {0},Schritt {0},Langkah {0},Lépés {0},Passo {0},ステップ {0},단계 {0},Langkah {0},Krok {0},Passo {0},Pasul {0},Шаг {0},Paso {0},ขั้นตอนที่ {0},Adım {0},Bước {0}
reached_step,لقد وصلت إلى الخطوة {0},您已到達步驟 {0},Dosáhli jste kroku {0},You have reached step {0},Vous avez atteint l'étape {0},Sie haben Schritt {0} erreicht,Anda telah mencapai langkah {0},Elérted a(z) {0} lépést,Hai raggiunto il passo {0},ステップ {0} に到達しました,단계 {0}에 도달했습니다,Anda telah mencapai langkah {0},Osiągnąłeś krok {0},Você atingiu o passo {0},Ați ajuns la pasul {0},Вы достигли шага {0},Has llegado al paso {0},คุณได้เข้าสู่ขั้นตอนที่ {0},{0}. Adıma ulaştınız,Osiągnąłeś krok {0}
vibration,اهتزاز,震动,Vibrace,Vibration,Vibration,Vibration,Getaran,Rezgés,Vibrazione,振動,진동,Getaran,Wibracja,Vibração,Vibraţie,Вибрация,Vibración,การสั่น,Titreşim,Rung
music,موسيقى,音樂,Hudba,Music,Musique,Musik,Musik,Zene,Musica,音楽,음악,Muzik,Muzyka,Música,Muzică,Музыка,Música,เพลง,Müzik,Nhạc
on,فعال,打开,Zapnuto,On,Allumé,An,Hidup,Be,Acceso,オン,켜짐,Hidup,Włączony,Ligado,Pornit,Включено,Encendido,เปิด,Açık,Bật
off,إيقاف,关闭,Vypnuto,Off,Éteint,Aus,Mati,Ki,Spento,オフ,꺼짐,Mati,Wyłączony,Desligado,Oprit,Выключено,Apagado,ปิด,Kapalı,Tắt
profile,ملف,档案,Profil,Profile,Profil,Profil,Profil,Profil,Profilo,プロフィール,프로필,Profil,Profil,Perfil,Profil,Профиль,Perfil,โปรไฟล์,Profil,Hồ sơ
rank,رتبة,等级,Řada,Rank,Rang,Rang,Peringkat,Rang,Grado,階級,계급,Peringkat,Ranga,Grau,Grad,Ранг,Rango,ระดับ,Sıra,Hang
highest_score,أعلى درجة,最高分,Nejvyšší Skóre,Highest Score,Meilleur Score,Höchste Punktzahl,Skor Tertinggi,Legmagasabb Pontszám,Punteggio più alto,最高スコア,최고 점수,Skor tertinggi,Najwyższy wynik,Pontuação mais alta,Cel mai mare scor,Самый высокий счет,Puntuación más alta,คะแนนสูงสุด,En yüksek puan,Điểm số cao nhất
task_completed,المهام المكتملة,任务完成 ,Dokončené úkoly,Tasks Completed,Tâches accomplies,Aufgaben abgeschlossen,Tugas Selesai,Teljesített feladatok,Compiti Completati,タスク完了,작업 완료,Tugas Selesai,Zadania Zakończone,Tarefas Completas,Sarcini Finalizate,Завершенные задачи,Tareas Completadas,งานที่เสร็จสิ้น ,Tamamlanan Görevler,Công Việc Đã Hoàn Thành
daily,يومياً,每日,Denní,Daily,Quotidien,Täglich,Harian,Napi,Giornaliero,日常,매일,Harian,Dzienny,Diário,Zilnic,Ежедневно,Diario,รายวัน,Günlük,Hằng ngày
weekly,أسبوعيًا,每周,Týdenní,Weekly,Hebdomadaire,Wöchentlich,Mingguan,Heti,Settimanale,週次,주간,Mingguan,Tygodniowy,Semanal,Săptămânal,Еженедельно,Semanal,รายสัปดาห์,Haftalık,Hàng tuần
local,محلي,本地,Místní,Local,Local,Lokal,Lokal,Helyi,Locale,ローカル,로컬,Tempatan,Lokalny,Local,Local,Местный,Local,ท้องที่,Yerel,Địa phương
sound,صوت,聲音,Zvuk,Sound,Son,Klang,Suara,Hang,Suono,音,소리,Bunyi,Dźwięk,Som,Sunet,Звук,Sonido,เสียง,Ses,Âm thanh
monthly,شهريًا,月,Měsíčně,Monthly,Mensuel,Monatlich,Bulanan,Havonta,Mensile,月次,월간,Bulanan,Miesięcznie,"Mensal
",Lunar,Ежемесячно,Mensual,เดือนละ,Aylık,HÀNG THÁNG
privacy_settings,إعدادات الخصوصية, 隱私設置 ,Nastavení soukromí,Privacy Settings,Paramètres de confidentialité,Datenschutzeinstellungen,Pengaturan Privasi,Adatvédelmi beállítások, Impostazioni della privacy,プライバシー設定,개인정보 설정,Tetapan Privasi,Ustawienia prywatności,Configurações de Privacidade,Setări de Confidențialitate,Настройки конфиденциальности,Configuración de privacidad,การตั้งค่าความเป็นส่วนตัว,Gizlilik Ayarları,Cài đặt Quyền riêng tư
remove_ads,إزالة الإعلانات ,移除廣告,Odstranit Reklamy,Remove Ads,Supprimer les Publicités,Werbung Entfernen,Hapus Iklan,Hirdetések Eltávolítása,Rimuovi Pubblicità,広告を削除,광고 제거,Padam Iklan,Usuń Reklamy,Remover Anúncios,Eliminați Reclamele,Удалить Рекламу,Quitar Anuncios,ลบโฆษณา,Reklamları Kaldır,Xóa Quảng Cáo
home,منزل,家,Domov,Home,Maison,Zuhause,Rumah,Otthon,Casa,家,집,Rumah,Dom,Casa,Acasă,Дом,Hogar,บ้าน,Ev,Nhà
play,لعب,播放,HRÁT,PLAY,JOUER,SPIELEN,BERMAIN,JÁTSZIK,GIOCARE, 再生する,재생,MAIN,GRAĆ,JOGAR,JUCA,Играть,JUGAR,เล่น,OYNA,CHƠI
powerup_fivetiles_ingame_description,اضغط في أي مكان لإزالة أعلى 5 كرات.,點擊任何位置以移除前 5 個球。,Klepněte kdekoli pro odstranění horních 5 míčů.,Tap anywhere to remove the top 5 balls,Appuyez n'importe où pour supprimer les 5 balles du dessus.," Tippen Sie überall, um die obersten 5 Bälle zu entfernen.",Ketuk di mana saja untuk menghapus 5 bola teratas.,Koppintson bárhová a legfelső 5 labda eltávolításához.,Tocca ovunque per rimuovere le prime 5 palline.,上位5つのボールを削除するには、どこでもタップしてください。,어디서나 탭하여 상위 5개의 공을 제거하세요.,Ketuk di mana-mana untuk mengeluarkan 5 bola teratas.," Kliknij w dowolnym miejscu, aby usunąć górne 5 piłek.",Toque em qualquer lugar para remover as 5 bolas superiores.,Atingeți oriunde pentru a elimina primele 5 bile.,"Нажмите в любом месте, чтобы удалить верхние 5 шаров.",Toque en cualquier lugar para eliminar las 5 bolas superiores.,แตะที่ใดก็ได้เพื่อลบลูกบอล 5 ลูกบนสุด., En üstteki 5 topu kaldırmak için herhangi bir yere dokunun.,Nhấn vào bất kỳ nơi nào để loại bỏ 5 quả bóng trên cùng.
powerup_bomb_ingame_description,انقر في أي مكان للحصول على كرة قنبلة.,點擊任意處以獲得炸彈球。,Klepněte kdekoli pro získání bombového míčku.,Tap anywhere to get a bomb ball,Appuyez n'importe où pour obtenir une boule bombe.,"Tippen Sie überall, um eine Bombenkugel zu erhalten.",Ketuk di mana saja untuk mendapatkan bola bom.,"Koppints bárhová, hogy bombalabdát kapj.",Tocca ovunque per ottenere una palla bomba.,爆弾ボールを取得するには、どこでもタップしてください。,폭탄 공을 얻으려면 어디서나 탭하세요.,Ketuk di mana-mana untuk mendapatkan bola bom.,"Kliknij w dowolnym miejscu, aby otrzymać bombową piłkę.",Toque em qualquer lugar para obter uma bola bomba.,Atingeți oriunde pentru a obține o minge bombă.,"Нажмите в любом месте, чтобы получить бомбовый шар.",Toque en cualquier lugar para obtener una bola bomba.,แตะที่ใดก็ได้เพื่อรับลูกบอลระเบิด,Bir bomba topu için herhangi bir yere dokunun.,Nhấn vào bất kỳ nơi nào để nhận quả bóng bom.
powerup_shuffle_ingame_description,انقر في أي مكان لخلط الكرات.,點擊任意處以重新排列球。,Klepněte kdekoli pro zamíchání míčků.,Tap anywhere to shuffle the balls,Appuyez n'importe où pour mélanger les balles.,"Tippen Sie überall, um die Bälle zu mischen.",Ketuk di mana saja untuk mengocok bola-bola.,"Koppints bárhová, hogy összekeverje a labdákat.",Tocca ovunque per mescolare le palline.,ボールをシャッフルするには、どこでもタップしてください。,공을 섞으려면 어디서나 탭하세요.,Ketuk di mana-mana untuk mengacaukan bola-bola.,"Kliknij w dowolnym miejscu, aby wymieszać piłki.",Toque em qualquer lugar para embaralhar as bolas.,Atingeți oriunde pentru a amesteca mingile.,"Нажмите в любом месте, чтобы перетасовать шары.",Toque en cualquier lugar para mezclar las bolas.,แตะที่ใดก็ได้เพื่อสลับลูกบอล,Topları karıştırmak için herhangi bir yere dokunun.,Nhấn vào bất kỳ nơi nào để trộn các quả bóng.
powerup_rocket_ingame_description,انقر في أي مكان للحصول على كرة صاروخية.,點擊任意處以獲得火箭球。,Klepněte kdekoli pro získání raketového míčku.,Tap anywhere to get a rocket ball,Appuyez n'importe où pour obtenir une balle fusée.,"Tippen Sie überall, um eine Raketenkugel zu erhalten.",Ketuk di mana saja untuk mendapatkan bola roket.,"Koppints bárhová, hogy rakétalabdát kapj.",Tocca ovunque per ottenere una palla razzo.,ロケットボールを取得するには、どこでもタップしてください。,로켓 공을 얻으려면 어디서나 탭하세요.,Ketuk di mana-mana untuk mendapatkan bola roket.,"Kliknij w dowolnym miejscu, aby otrzymać rakietową piłkę.",Toque em qualquer lugar para obter uma bola foguete.,Atingeți oriunde pentru a obține o minge rachetă.,"Нажмите в любом месте, чтобы получить ракетный шар.",Toque en cualquier lugar para obtener una bola cohete.,แตะที่ใดก็ได้เพื่อรับลูกบอลจรวด,Roket topu almak için herhangi bir yere dokunun.,Nhấn vào bất kỳ nơi nào để nhận quả bóng tên lửa.
powerup_fivetiles_description,احذف أعلى 5 كرات على اللوحة.,移除棋盤上最高的5個球。,Odstraňte nejvyšších 5 míčů na desce.,Remove the highest 5 balls on the board, Retirez les 5 balles les plus hautes du tableau.,Entfernen Sie die obersten 5 Bälle auf dem Brett.,Hapus 5 bola tertinggi di papan.,Távolítsa el a legmagasabb 5 labdát a tábláról.,Rimuovi le 5 palline più alte sulla tavola.,ボード上の最高の5つのボールを削除します。, 보드에서 가장 높은 5개의 공을 제거하세요.,Keluarkan 5 bola tertinggi di papan.,Usuń najwyższe 5 piłek na planszy.,Remova as 5 bolas mais altas no tabuleiro.,Eliminați cele mai mari 5 bile de pe tablă.,Удалите пять самых высоких шаров на доске.,Eliminar las 5 bolas más altas del tablero.,ลบลูกบอล 5 ลูกที่สูงที่สุดบนกระดาน.,Tahtadaki en yüksek 5 topu kaldırın.,Loại bỏ 5 quả bóng cao nhất trên bảng.
powerup_bomb_description,تدمير الكرات المجاورة للقنبلة.,摧毀炸彈旁的球,Zničte míčky sousedící s bombou.,Destroy balls neighboring the bomb,Détruire les balles voisines de la bombe.,Zerstöre die Bälle neben der Bombe.,Hancurkan bola-bola yang berdekatan dengan bom.,Rombold le a bombával szomszédos labdákat.,Distruggi le palline vicine alla bomba.,爆弾の隣にあるボールを破壊します, 폭탄 옆에 있는 공을 파괴합니다.,Musnahkan bola-bola yang bersebelahan dengan bom.,Zniszcz piłki sąsiadujące z bombą.,Destrua as bolas vizinhas à bomba.,Distrugeți bilele vecine bombei.,"Уничтожьте шары, соседствующие с бомбой.",Destruir las bolas vecinas a la bomba.,ทำลายลูกบอลที่อยู่ใกล้เคียงกับระเบิด.,Bombanın yanındaki topları yok edin.,Phá hủy các quả bóng kế cận với quả bom.
powerup_shuffle_description,اخلط جميع الكرات على اللوحة.,洗牌棋盤上的所有球。,Zamíchejte všechny míčky na desce.,Shuffle all the balls on the board,Mélanger toutes les balles sur le tableau.,Mische alle Bälle auf dem Brett.,Acak semua bola di papan.,Keverd össze az összes labdát a táblán.,Mescola tutte le palline sulla tavola.,ボード上のすべてのボールをシャッフルします。,보드의 모든 공을 섞어주세요.,Kacau semua bola di papan.,Wymieszaj wszystkie piłki na planszy.,Embaralhe todas as bolas no tabuleiro.,Amestecați toate bilele de pe tablă.,Перемешайте все шары на доске.,Mezclar todas las bolas en el tablero.,สลับลูกบอลทั้งหมดบนกระดาน.,Tahtadaki tüm topları karıştırın.,Trộn tất cả các quả bóng trên bảng.
powerup_rocket_description,احذف الكرات في مسار الصاروخ.,摧毀火箭路徑上的球。,Zničte míčky na trase rakety.,Destroy balls in the path of the rocket,Détruire les balles sur la trajectoire de la fusée.,Zerstöre die Bälle auf dem Pfad der Rakete.,Hancurkan bola-bola di jalur roket., Rombold le a labdákat a rakéta útvonalán.,Distruggi le palline nel percorso del razzo.,ロケットの進路上のボールを破壊します。, 로켓 경로상의 공을 파괴합니다.,Musnahkan bola-bola dalam laluan roket.,Zniszcz piłki na ścieżce rakiety.,Destrua as bolas no caminho do foguete.,Distrugți bilele în calea rachetei.,Уничтожьте шары на пути ракеты.,Destruir las bolas en el camino del cohete.,ทำลายลูกบอลในเส้นทางของจรวด.,Roketin yolundaki topları yok edin.,Phá hủy các quả bóng trong đường đi của tên lửa.
tutorial_info_text,اسحب وأسقط لضرب الكرات بنفس الرقم.,拖放以擊中相同數字的球。,"Přetáhněte a upusťte, abyste trefili stejné číslo míčků.",Drag and drop to hit the same number balls.,Faites glisser et déposez pour frapper les balles du même numéro.,"Ziehen und ablegen, um die Bälle mit derselben Nummer zu treffen.",Seret dan lepaskan untuk mengenai bola dengan angka yang sama.,"Húzz és ejtsd le, hogy ugyanolyan számú labdát ütj.",Trascina e rilascia per colpire le palle dello stesso numero.,同じ数字のボールを打つためにドラッグしてドロップします。,같은 숫자의 공을 맞히기 위해 드래그하여 놓으세요.,Tarik dan lepaskan untuk memukul bola yang sama.,"Przeciągnij i upuść, aby trafić w te same liczbowo piłki.",Arraste e solte para acertar as bolas com o mesmo número.,Trage și lasă pentru a lovi mingile cu același număr.,"Перетащите и отпустите, чтобы попасть в шары с тем же числом.",Arrastra y suelta para golpear las bolas del mismo número.,ลากระบายเพื่อตีลูกบอลที่มีตัวเลขเดียวกัน,Aynı numaralı topları vurmak için sürükleyip bırakın.,Kéo và thả để đánh vào những quả bóng cùng số.
quit_game,انسحاب من اللعبة,退出遊戲,UKONČIT HRU,QUIT GAME,QUITTER LE JEU,SPIEL BEENDEN,KELUAR DARI PERMAINAN,JÁTÉK BEFEJEZÉSE,ESCI DAL GIOCO,ゲームを終了,게임 종료,BERHENTI PERMAINAN,ZAKOŃCZ GRĘ,SAIR DO JOGO,IEȘIRE DIN JOC,ВЫХОД ИЗ ИГРЫ,SALIR DEL JUEGO,ออกจากเกม,OYUNDAN ÇIK,THOÁT TRÒ CHƠI
statistics,الإحصائيات,統計,Statistiky,Statistics,Statistiques,Statistiken,Statistik,Statisztika,Statistiche,統計,통계,Statistik,Statystyki,Estatísticas,Statistici,Статистика,Estadísticas,สถิติ,İstatistikler,Thống kê
come_back_tomorrow,عد غدا!,明天再來！,Přijďte zítra zpátky!,Come back tomorrow!,Revenez demain !,Komm morgen zurück!,Kembali besok!,Gyere vissza holnap!,Torna domani!,明日また来てください！,내일 다시 오세요!,Kembali esok!,Wróć jutro!,Volte amanhã!,Reveniți mâine!,Возвращайтесь завтра!,¡Vuelve mañana!,กลับมาใหม่พรุ่งนี้!,Yarın gel!,Quay lại vào ngày mai!
popup_notification_title, احصل على الأشياء الجيدة!,獲取好東西！,Získejte ty dobré věci!,GET THE GOOD STUFF!,OBTENEZ LES BONNES CHOSES !,Hol dir die guten Sachen!,DAPATKAN BARANG BAGUS!,SZEREZZ JÓSÁGOT!,PRENDI LE COSE BUONE!,良いものを手に入れよう！,좋은 물건을 얻어보세요!, DAPATKAN BARANG BAIK!,ZDOBYWAJ DOBRE RZECZY!,PEGUE AS COISAS BOAS!, IA LUCRURILE BUNE!,ПОЛУЧИТЕ ХОРОШИЕ ВЕЩИ!,¡OBTÉN LAS COSAS BUENAS!,ได้สิ่งดีๆ!,İYİ ŞEYLERİ ALIN!,LẤY CÁI TỐT ĐẸP!
popup_notification_desc,نودّ أن نرسل لك معلومات حول العناصر المجانية والتحديثات الهامة,我們想向您發送有關免費物品和重要更新的資訊,Rádi bychom vám poslali informace o bezplatných položkách a důležitých aktualizacích,We'd like to send you info about free items and important updates,Nous aimerions vous envoyer des informations sur les articles gratuits et les mises à jour importantes,Wir möchten Ihnen Informationen über kostenlose Artikel und wichtige Updates senden,Kami ingin mengirimkan informasi tentang barang gratis dan pembaruan penting kepada Anda,Szeretnénk információkat küldeni Önnek ingyenes tételekről és fontos frissítésekről,Vorremmo inviarti informazioni su articoli gratuiti e aggiornamenti importanti,無料アイテムと重要な更新に関する情報をお送りしたいと思います,무료 품목과 중요한 업데이트에 관한 정보를 보내 드리고 싶습니다,Kami ingin menghantar maklumat tentang item percuma dan kemas kini penting kepada anda,Chcielibyśmy przesłać Ci informacje o darmowych przedmiotach i ważnych aktualizacjach,Gostaríamos de enviar informações sobre itens gratuitos e atualizações importantes para você,Ne-ar plăcea să vă trimitem informații despre articole gratuite și actualizări importante,Мы хотели бы отправить вам информацию о бесплатных предметах и важных обновлениях,Nos gustaría enviarle información sobre artículos gratuitos y actualizaciones importantes,เราต้องการส่งข้อมูลเกี่ยวกับรายการฟรีและการอัปเดตที่สำคัญให้คุณ,Size bedava ürünler ve önemli güncellemeler hakkında bilgi göndermek isteriz,Chúng tôi muốn gửi thông tin về các mặt hàng miễn phí và các cập nhật quan trọng cho bạn
yes_please,نعم، من فضلك,是的，請,"Ano, prosím","Yes, please","Oui, s'il vous plaît","Ja, bitte","Ya, silakan","Igen, kérem","Sì, per favore",はい、お願いします,"네, 부탁합니다","Ya, sila","Tak, proszę","Sim, por favor","Da, te rog","Да, пожалуйста","Sí, por favor",ใช่ โปรด,"Evet, lütfen","Vâng, xin vui lòng"
next_ball_display,عرض الكرة التالية,下一顆球顯示,ZOBRAZENÍ DALŠÍ KOULE,NEXT BALL DISPLAY,AFFICHAGE DE LA PROCHAINE BALLE,ANZEIGE DER NÄCHSTEN KUGEL,TAMPILAN BOLA SELANJUTNYA,KÖVETKEZŐ LABDA MEGJELENÍTÉSE,VISUALIZZAZIONE DELLA PROSSIMA PALLA,次のボールの表示,다음 공 표시,PAPARAN BOLA SETERUSNYA,WYŚWIETLANIE NASTĘPNEJ PIŁKI,EXIBIÇÃO DA PRÓXIMA BOLA,AFIȘAREA URMĂTOAREI BILE,ОТОБРАЖЕНИЕ СЛЕДУЮЩЕГО ШАРА,VISUALIZACIÓN DE LA PRÓXIMA BOLA,การแสดงผลลูกบอลถัดไป,SONRAKİ TOP GÖSTERİMİ,HIỂN THỊ QUẢ BÓNG TIẾP THEO
next_ball_desc,اعرض الكرة التالية لمدة 5 دقائق, 顯示下一個球 5 分鐘, Zobrazit další míč na 5 minut, Show the next ball for 5 minutes, Affiche la prochaine balle pendant 5 minutes, Zeige den nächsten Ball für 5 Minuten, Tampilkan bola berikutnya selama 5 menit, Mutasd a következő labdát 5 percig, Mostra la prossima palla per 5 minuti, 次のボールを5分間表示します, 다음 공을 5분 동안 표시하세요, Tunjukkan bola seterusnya selama 5 minit, Pokaż następną piłkę na 5 minut, Mostre a próxima bola por 5 minutos, Afișează următoarea minge timp de 5 minute, Покажите следующий шар на 5 минут, Muestra la siguiente bola durante 5 minutos, แสดงลูกบอลถัดไปเป็นเวลา 5 นาที, Sıradaki topu 5 dakika boyunca göster, Hiển thị quả bóng tiếp theo trong 5 phút.
buy_one_get_one_free,اشترِ واحد واحصل على واحد مجاناً,買一送一, KUP 1 ZÍSKAT 1 ZDARMA,BUY 1 GET 1 FREE,ACHETEZ 1 OBTENEZ-EN 1 GRATUIT,"KAUFEN SIE 1, ERHALTEN SIE 1 GRATIS",BELI 1 DAPATKAN 1 GRATIS,"VÁSÁROLJ 1ET, KAPJ 1ET INGYEN",COMPRA 1 OTTIENI 1 GRATIS,1つ購入で1つ無料,1개 구매시 1개 무료,BELI 1 DAPAT 1 PERCUMA,"KUP 1, ODBIERZ 1 GRATIS",COMPRE 1 LEVE 1 GRÁTIS,"CUMPĂRĂ 1, PRIMEȘTI 1 GRATUIT","КУПИ 1, ПОЛУЧИ 1 БЕСПЛАТНО",COMPRA 1 Y LLÉVATE 1 GRATIS,ซื้อ 1 แถม 1 ฟรี,1 ALANA 1 BEDAVA,MUA 1 TẶNG 1
use,استخدم,使用,Použít,Use,Utiliser,Verwenden,Gunakan,Használ,Utilizzare,使用する,사용,Guna,Użyj,Usar,Utilizați,Использовать,Usar,ใช้,Kullan,Sử dụng
no_ads,بدون إعلانات, 無廣告,Bez Reklam,No Ads,Pas de publicités,Keine Werbung,Tanpa iklan,Nincsenek hirdetések,Senza pubblicità,広告なし,광고 없음,Tiada iklan,Bez Reklam,Sem Anúncios,Fără reclame,Без рекламы,Sin anuncios,ไม่มีโฆษณา,Reklamsız,Không có quảng cáo
daily_task_description_Watch_Rewarded,شاهد {0} فيديو,觀看 {0} 影片,Sledujte {0} videí,Watch {0} videos,Regardez {0} vidéos,{0} Videos ansehen,Tonton {0} video,Nézze meg a(z) {0} videót,Guarda {0} video,{0}本の動画を見る,월간,Tonton {0} video,Obejrzyj {0} filmów,Assista a {0} vídeos,Vizionați {0} videoclipuri,Посмотрите {0} видео,Ver {0} videos,ดูวิดีโอ {0} วิดีโอ,{0} video izle,Xem {0} video
daily_task_description_Unlock_Tile,إنشاء كتلة {0},創建區塊 {0},Vytvořit blok {0},Create block {0},Créer le bloc {0},Block erstellen {0},Buat blok {0},Blokk létrehozása {0},Crea blocco {0},ブロックを作成する {0},{0}개의 동영상 시청,Cipta blok {0},Utwórz blok {0},Criar bloco {0},Creează bloc {0},Создать блок {0},Crear bloque {0},สร้างบล็อก {0},Bloğu oluştur {0},Tạo khối {0}
daily_task_description_Use_Booster,استخدم {0} {1} مرة,使用 {0} {1} 次,Použijte {0} {1}-krát,Use {0} {1} times,Utiliser {0} {1} fois,Verwende {0} {1}-mal,Gunakan {0} {1} kali,{0}-szor használja {1}-t,Usa {0} {1} volte,{0}を{1}回使用する,{0}을(를) {1}번 사용,Guna {0} {1} kali,Użyj {0} {1} razy,Usar {0} {1} vezes,Folosește {0} de {1} ori,Использовать {0} {1} раз,Usar {0} {1} veces,ใช้ {0} {1} ครั้ง,{0} {1} kez kullan,Sử dụng {0} {1} lần
daily_task_description_Earn_Gems,اكسب {0} جواهر,賺取 {0} 寶石,Vydělejte {0} drahokamů,Earn {0} gems,Gagner {0} gemmes,{0} Edelsteine verdienen,Dapatkan {0} permata,{0} gyémántot szerezz meg,Guadagna {0} gemme,{0}ジェムを獲得,{0} 보석 획득,Dapatkan {0} intan,Zarób {0} klejnotów,Ganhar {0} gemas,Câștigă {0} giuvaere,Заработайте {0} самоцветов,Ganar {0} gemas,รับ {0} แหวนพลอย,{0} elmas kazan,Kiếm {0} viên ngọc
daily_task_description_Achieve_All_Tasks,أكمل جميع المهام,完成所有任務,Dokončit všechny úkoly,Complete all tasks,Compléter toutes les tâches,Alle Aufgaben abschließen,Selesaikan semua tugas,Minden feladatot befejez,Completa tutte le attività,すべてのタスクを完了,모든 작업 완료,Selesaikan semua tugas,Zakończ wszystkie zadania,Concluir todas as tarefas,Finalizează toate sarcinile,Завершите все задачи,Completar todas las tareas,ทำงานทั้งหมดเสร็จสิ้น,Tüm görevleri tamamla,Hoàn thành tất cả các nhiệm vụ
daily_tasks,المهام اليومية,每日任务,Denní Úkoly,Daily Tasks,Tâches Quotidiennes,Tägliche Aufgaben,Tugas Harian,Napi Feladatok,Compiti Giornalieri,日課タスク,일일 작업,Tugas Harian,Codzienne Zadania,Tarefas Diárias,Sarcini Zilnice,Ежедневные Задачи,Tareas Diarias,งานประจำวัน,Günlük Görevler,Nhiệm Vụ Hàng Ngày
hammer,مطرقة,锤子,Kladivo,Hammer,Marteau,Hammer,Palu,Kalapács,Martello,ハンマー,망치,Palu,Młotek,Martelo,Ciocan,Молоток,Martillo,ค้อน,Çekiç,Búa
tileswap,تبديل البلاطات,地板拼圖,Výměna dlaždic,Tile Swap,Échange de Tuiles,Fliesenwechsel,Pertukaran Tile,Csempék Cseréje,Scambio di Piastrelle,タイルの交換,타일 교환,Pertukaran Jubin,Zamiana Kafelków,Troca de Peças,Schimbare de Piese,Обмен Плитками,Intercambio de Fichas,การเปลี่ยนกระเบื้อง,Taş Değiştirme,Đổi Gạch
rocket,صاروخ,火箭,Raketový,Rocket,Fusée,Rakete,Rakéta,Roket,Razzo,ロケット,로켓,Roket,Rakieta,Foguete,Foguete,Ракета,Cohete,จรวด,Roket,Tên lửa
shuffle,خلط,洗牌,Zamíchat,Shuffle,Mélanger,Mischen,Keverés,Acak,Mescolare,シャッフルする,섞다,Kocak,Tasować,Embaralhar,Amesteca,Перемешать,Mezclar,การสลับ,Karıştır,Trộn
bomb,قنبلة,炸彈,Bomba,Bomb,Bombe,Bombe,Bomba,Bom,Bomba,爆弾,폭탄,Bom,Bomba,Bomba,Bombă,Бомба,Bomba,ระเบิด,Bomba,Bom
destroyfivetiles,تدمير خمس قطع,摧毀五個方塊,Zničte pět dlaždic,Destroy five tiles,Détruire cinq tuiles,Zerstöre fünf Fliesen,Öt csempe megsemmisítése,Hancurkan Lima Ubin,Distruggi cinque piastrelle,タイルを5つ破壊する,타일 다섯 개 파괴,Musnahkan Lima Batu Bata,Zniszcz pięć płytek,Destruir cinco azulejos,Distruge cinci plăci,Уничтожь пять плиток,Destruir cinco baldosas,Уничтожь пять плиток,Beş topu yok et,Phá hủy Năm Miếng Gạch
wouldyouliketowatchvideo, هل ترغب في مشاهدة فيديو؟,你想看影片嗎？,Chcete si prohlédnout video?,Would you like to watch a video?,Voulez-vous regarder une vidéo?,Möchten Sie ein Video ansehen?,Apakah Anda ingin menonton video?,Szeretne videót nézni?,Vuoi guardare un video?,ビデオを見ますか？,비디오를 보시겠습니까?,Mahukah anda menonton video?,Czy chcesz obejrzeć film?,Gostaria de assistir a um vídeo?,Doriți să vizionați un videoclip?,Хотите посмотреть видео?,¿Te gustaría ver un video?,คุณต้องการดูวิดีโอไหม?,Video izlemek ister misiniz?,Bạn có muốn xem video không?

